{"cameraMode":{"drawMode":0,"name":"Shaded","section":"Shading Mode"},"sceneLighting":true,"audioPlay":false,"sceneViewState":{"m_AlwaysRefresh":false,"showFog":true,"showSkybox":true,"showFlares":true,"showImageEffects":true,"showParticleSystems":true,"showVisualEffectGraphs":true,"m_FxEnabled":true},"in2DMode":false,"pivot":{"x":0.21890150010585786,"y":1.1260393857955933,"z":-0.27360206842422488},"rotation":{"x":-0.16596722602844239,"y":0.14584125578403474,"z":-0.02481883205473423,"w":-0.9749780893325806},"size":4.933870315551758,"orthographic":false}