{"cameraMode":{"drawMode":0,"name":"Shaded","section":"Shading Mode"},"sceneLighting":true,"audioPlay":false,"sceneViewState":{"m_AlwaysRefresh":false,"showFog":true,"showSkybox":true,"showFlares":true,"showImageEffects":true,"showParticleSystems":true,"showVisualEffectGraphs":true,"m_FxEnabled":true},"in2DMode":false,"pivot":{"x":2.5498642921447756,"y":0.6377493739128113,"z":1.8045531511306763},"rotation":{"x":0.2312297821044922,"y":0.10053745657205582,"z":-0.02399786189198494,"w":0.9674267768859863},"size":12.952728271484375,"orthographic":false}